g_nm,t_pcm_nm,t_gap_pcm_nm,D_antisym,D_sym,delta_D,Amax_antisym,Amax_sym,Omega_antisym,Omega_sym,eta_pcm_avg_antisym,eta_pcm_avg_sym,loss_eff_antisym,loss_eff_sym,sym_mode1,sym_mode2,antisym_mode1,antisym_mode2,L_corrected_design_um,theta_tail_rad,P_antisym,P_sym,ER_dB
200.00000000000003,10.0,0.0,0.6705812337005099,0.6682380010860202,-0.0023432326144897653,0.5503208090087022,0.5534579739045602,489419.45390432485,465246.72714381036,0.00590202650123865,0.0055731632265858255,1.0694916157159342,0.0,1,3,1,3,2.73314157849692,0.2992111525785369,0.5478853224445732,0.5534579739045602,0.04394982819507376
200.00000000000003,10.0,5.0,0.672285869072957,0.6706976598743134,-0.0015882091986435531,0.548031710244819,0.5501646490391199,495052.51253281144,473379.82346380886,0.007888991434205192,0.007671066083649049,0.9352207178784719,0.0,1,3,1,3,2.686183717996117,0.2992111525785369,0.5461448266751397,0.5501646490391199,0.0318485707446024
200.00000000000003,10.0,10.0,0.6733709198085728,0.6723504254689926,-0.0010204943395801802,0.5465716043561566,0.5479449053716646,499268.1019809933,479535.0153247802,0.007188957620343815,0.00693831709994127,0.8359484366821256,0.0,1,3,1,3,2.651704533724484,0.2992111525785369,0.5450486124020854,0.5479449053716646,0.023016550022306737
210.0,10.0,0.0,0.6783812670770208,0.676357686990442,-0.00202358008657888,0.5397988564789757,0.5425402792489393,488278.9939049606,463905.10449134646,0.00589384140516965,0.005571644204960903,0.9359229265086237,0.0,1,3,1,3,2.7878113925173635,0.27751639144696294,0.5372780637088101,0.5425402792489393,0.042328772761332706
210.0,10.0,5.0,0.6798652847948331,0.678498138626422,-0.0013671461684110486,0.5377831945308404,0.5396402758804806,493963.85712313966,472114.68872531137,0.007833114137833068,0.00762493947582953,0.8185436555004201,0.0,1,3,1,3,2.7393342470231796,0.27751639144696294,0.5358313365981541,0.5396402758804806,0.030762471262518097
210.0,10.0,10.0,0.6808071160337196,0.6799336988955819,-0.0008734171381377109,0.5365016707578495,0.5376901651061723,498209.79911604064,478316.69843120815,0.007136299656343256,0.006895367628794363,0.7315891308202358,0.0,1,3,1,3,2.703815149229907,0.27751639144696294,0.5349266651885123,0.5376901651061723,0.022378455877795092
220.0,10.0,0.0,0.6852172607994944,0.6834739646320859,-0.0017432961674085368,0.5304773055024377,0.5328633396700982,487333.27517372515,462783.2698671522,0.00588741081524463,0.005570802227003462,0.818828084280879,0.0,1,3,1,3,2.837895851738604,0.2574656049848782,0.5278783084236157,0.5328633396700982,0.04082026014657681
220.0,10.0,5.0,0.6865084580609339,0.6853351159332218,-0.0011733421277120293,0.528706137010799,0.5303157788687973,493063.29556801886,471059.5407601585,0.007786424696634212,0.007586468015280175,0.7162765600698794,0.0,1,3,1,3,2.788035499059566,0.2574656049848782,0.5266946348836596,0.5303157788687973,0.029756547009694784
220.0,10.0,10.0,0.6873256688426641,0.6865812114082765,-0.0007444574343875576,0.5275834249499844,0.5286062401411435,497335.8640098927,477302.59382809355,0.007092298365520299,0.006859545702932332,0.6401623801931318,0.0,1,3,1,3,2.7515683735903402,0.2574656049848782,0.5259606341832835,0.5286062401411435,0.021790452690648207
230.00000000000003,10.0,0.0,0.6912050429132347,0.6897065563447579,-0.0014984865684768423,0.5222355886513134,0.5243048661350553,486547.7196618228,461843.4817460139,0.005882424680028984,0.0055705029060503265,0.7162425858117648,0.0,1,3,1,3,2.8838294621669096,0.23891848722599596,0.5195647322815234,0.5243048661350553,0.039442246980105615
230.00000000000003,10.0,5.0,0.6923290861417111,0.6913248710176542,-0.0010042151240569064,0.5206804364821832,0.5220699227124239,492317.1662504909,470177.95492180076,0.00774735299390583,0.007554336548267505,0.6266849016542791,0.0,1,3,1,3,2.832710095458254,0.23891848722599596,0.5186140627334264,0.5220699227124239,0.028843846105402395
230.00000000000003,10.0,10.0,0.6930379064263172,0.6924058849106526,-0.0006320215156646602,0.5196984602562271,0.5205740905410962,496613.0734575245,476456.96856018435,0.007055517635368625,0.0068296649675376854,0.5600991642998017,0.0,1,3,1,3,2.795379073988006,0.23891848722599596,0.5180316732393615,0.5205740905410962,0.021262350909788886
240.00000000000003,10.0,0.0,0.6964484620033188,0.6951630635243898,-0.0012853984789289452,0.5149595397732118,0.5167483151113852,485894.32771549595,461054.98934778525,0.0058785785683673816,0.005570593373891165,0.6264133605630258,0.0,1,3,1,3,2.9259990799388698,0.2217498521620516,0.5122225036285901,0.5167483151113852,0.03820414714225202
240.00000000000003,10.0,5.0,0.6974276796691362,0.696570482199555,-0.000857197469581239,0.5135946316313247,0.5147895633282795,491698.1880615713,469440.2527475827,0.0077146624467088094,0.007527512688826288,0.5482339807545223,0.0,1,3,1,3,2.8737341264133676,0.2217498521620516,0.5114776632116351,0.5147895633282795,0.02803061232492016
240.00000000000003,10.0,10.0,0.6980413845675885,0.697506912961976,-0.0005344716056124854,0.512738225430964,0.5134841063702544,496014.55159024656,475750.7703746686,0.007024777694455649,0.006804750956397951,0.4900125574900695,0.0,1,3,1,3,2.8356159540644117,0.2217498521620516,0.5110308367680984,0.5134841063702544,0.020798983838672853
250.00000000000003,10.0,0.0,0.7010391194317401,0.6999386506997146,-0.0011004687320255169,0.5085441530263703,0.5100858852566629,485350.2545707126,460392.5550348972,0.0058756703371747425,0.005570990840339294,0.5477902186821201,0.0,1,3,1,3,2.964742740997395,0.20585084124594158,0.5057460448424133,0.5100858852566629,0.03710811120001514
250.00000000000003,10.0,5.0,0.701891937023319,0.7011621030994156,-0.0007298339239033558,0.5073477087416532,0.5083717051772045,491184.160372515,468822.14686117833,0.007687331017508459,0.007505143125800709,0.4795656643692177,0.0,1,3,1,3,2.9114355938332523,0.20585084124594158,0.5051839918645514,0.5083717051772045,0.027317904092939285
250.00000000000003,10.0,10.0,0.7024233527098508,0.7019731340599106,-0.000450218649940215,0.5066014335678526,0.5072337190581069,495518.49544749927,475160.30179610156,0.00699904663185915,0.006783947123809846,0.42867507946608857,0.0,1,3,1,3,2.8726000054917757,0.20585084124594158,0.5048565051336982,0.5072337190581069,0.020401595896989023
260.0,10.0,0.0,0.7050566051098801,0.70411621317165,-0.0009403919382301451,0.5028951835909306,0.5042203583488156,484896.7979300869,459835.38976958825,0.005873536608560041,0.005571630874789576,0.47900203312512996,0.0,1,3,1,3,3.000372767629033,0.19111874573814208,0.5000405848726844,0.5042203583488156,0.03615122245397492
260.0,10.0,5.0,0.7058003549064642,0.705180508504817,-0.0006198464016472505,0.5018458590139092,0.5027204504248878,490756.985407548,468303.7173526295,0.007664443043542765,0.007486458893886418,0.4194767133562281,0.0,1,3,1,3,2.946117081573082,0.19111874573814208,0.499638856789971,0.5027204504248878,0.026703464873489
260.0,10.0,10.0,0.706260590503124,0.7058828534732257,-0.00037773702989829516,0.5011959783021787,0.5017293971724966,495107.0834435403,474666.0923392794,0.0069775227677077115,0.006766592172266619,0.37500817154169497,0.0,1,3,1,3,2.906627634296228,0.19111874573814208,0.4994162701319282,0.5017293971724966,0.020068609994722146
270.0,10.0,0.0,0.7085722519211388,0.7077700884960766,-0.00080216342506223,0.49792536380740615,0.4990615018302559,484518.63725476543,459366.3481296038,0.00587198974274823,0.0055724154466207584,0.41883452259408976,0.0,1,3,1,3,3.0331592228169066,0.17746505131386692,0.49501842605436147,0.4990615018302559,0.03532704226349004
270.0,10.0,5.0,0.7092219291797556,0.7086968019442939,-0.0005251272354617198,0.4970042551705458,0.4977488429139303,490401.7917771873,467868.50379994645,0.007645298531871474,0.007470876283094968,0.36690944112644275,0.0,1,3,1,3,2.9780403343346165,0.17746505131386692,0.49475711131844674,0.4977488429139303,0.026182139319483197
270.0,10.0,10.0,0.7096196066097731,0.7093039995755896,-0.0003156070341834294,0.49644001391499093,0.4968878361860719,494765.7101831895,474252.0974927009,0.00695954197379313,0.00675213877369002,0.3280627395312058,0.0,1,3,1,3,2.937954903831446,0.17746505131386692,0.4946280292725843,0.4968878361860719,0.01979642295639459
280.0,10.0,0.0,0.711648697123471,0.7109656436175819,-0.0006830535058891529,0.4935561318824663,0.4945278535954376,484203.1138420711,458971.17897476576,0.005870926601250316,0.005573309649626616,0.36622099909074235,0.0,1,3,1,3,3.063354955203052,0.16480469138716117,0.49060061452941917,0.4945278535954376,0.034626697857019606
280.0,10.0,5.0,0.7122161657044764,0.711772403345242,-0.0004437623592343787,0.49274813330921374,0.49338004583613804,490106.3361821926,467502.873765187,0.007629316261361946,0.007457911082353453,0.32093278946842263,0.0,1,3,1,3,3.0074502517687707,0.16480469138716117,0.4904636921658847,0.49338004583613804,0.025747178479738557
280.0,10.0,10.0,0.7125600025296809,0.7122974613925146,-0.00026254113716628336,0.49225824279490116,0.4926323264937792,494482.41257610783,473905.09435137117,0.006944489899608204,0.006740076236753131,0.2870018106773154,0.0,1,3,1,3,2.9668211044072037,0.16480469138716117,0.4904162554943041,0.4926323264937792,0.019580497942911276
290.00000000000006,10.0,0.0,0.7143397042117099,0.7137590901581028,-0.0005806140536070981,0.4897187869867268,0.4905479612166773,483939.7559117947,458638.0177456225,0.005870266157865308,0.0055742892306208675,0.3202230425202519,0.0,1,3,1,3,3.091177965688111,0.15306459211275522,0.48671811615188704,0.4905479612166773,0.03403963632235757
290.00000000000006,10.0,5.0,0.714836546807497,0.7144625034812653,-0.0003740433262316989,0.48900871134833324,0.48954333111928305,489860.55861992255,467195.5493125579,0.007615939847427856,0.0074470951894520495,0.28072535701105195,0.0,1,3,1,3,3.0345574498049555,0.15306459211275522,0.4866895783280075,0.48954333111928305,0.025390920716548693
290.00000000000006,10.0,10.0,0.7151340670809533,0.714916702540699,-0.00021736454025433893,0.4885832661002546,0.4888941084283338,494247.3011172864,473614.09352697927,0.006931910922979828,0.006730030237152369,0.2510925367393655,0.0,1,3,1,3,2.993432319812038,0.15306459211275522,0.4867133613513596,0.4888941084283338,0.019415349485330816
300.00000000000006,10.0,0.0,0.7166937581999403,0.7162010799089581,-0.0004926782909822069,0.48635005695724554,0.4870560131372422,483719.9304613639,458357.00968416786,0.005869885706521072,0.005575286623444783,0.28001313395900895,0.0,1,3,1,3,3.1168346640721833,0.14217331049081278,0.48330735996098056,0.4870560131372422,0.033555006980166106
300.00000000000006,10.0,5.0,0.7171299680208146,0.716815531138903,-0.00031443688191168384,0.4857246089664654,0.4861754943180524,489656.10578239895,466937.1132462381,0.0076047700351897455,0.007438097121798791,0.245567981035554,0.0,1,3,1,3,3.059561931952714,0.14217331049081278,0.48337316621544063,0.4861754943180524,0.02510526949448618
300.00000000000006,10.0,10.0,0.7173865633082955,0.7172075383153377,-0.00017902499295785468,0.48535651878471286,0.48561334698365344,494052.19782470725,473369.9543548027,0.006921427308395779,0.006721691063657945,0.21969190632963137,0.0,1,3,1,3,3.0179841436097883,0.14217331049081278,0.48346059877285835,0.48561334698365344,0.019295291362994023
200.00000000000003,15.000000000000002,0.0,0.6641515153964606,0.6594158181291704,-0.004735697267290173,0.5589027645965849,0.5651707788010369,462884.3861942884,427631.51753861125,0.008847209501539086,0.00827128291850365,1.7457350804850011,0.0,1,3,1,3,2.973553449791144,0.2992111525785369,0.5527176264921431,0.5651707788010369,0.09676384584924017
200.00000000000003,15.000000000000002,5.0,0.6668658826180537,0.6636732815259535,-0.003192601092100178,0.5552898946000442,0.5595377753885724,470974.37721427693,439467.15041867865,0.010947299310656956,0.010639975089202103,1.5026296476965575,0.0,1,3,1,3,2.8934703606513597,0.2992111525785369,0.5506324690644627,0.5595377753885724,0.06967595053888771
200.00000000000003,15.000000000000002,10.0,0.6687279414108648,0.666648669668322,-0.002079271742542743,0.552802940376387,0.5555795512294565,477392.93118743936,448903.43460965896,0.00989573865452451,0.009511667408957817,1.3227410243331907,0.0,1,3,1,3,2.8326474608554912,0.2992111525785369,0.5491631821437367,0.5555795512294565,0.050448397400139074
210.0,15.000000000000002,0.0,0.6727800660957087,0.668661872586236,-0.004118193509472734,0.5473669826642538,0.5528913001494683,461388.03544285835,425807.0935739921,0.008832337767465533,0.00826791409211909,1.5267480133961446,0.0,1,3,1,3,3.037243753956395,0.27751639144696294,0.5409415382374979,0.5528913001494683,0.0948942462228586
210.0,15.000000000000002,5.0,0.6751444677825709,0.6723749844705986,-0.002769483311972243,0.5441799476225891,0.5479118802581622,469561.73101012135,437774.9841359707,0.010881321102203561,0.01058839368314817,1.3141263705136725,0.0,1,3,1,3,2.9542115977697057,0.27751639144696294,0.5393471839969413,0.5479118802581622,0.0684230168716802
210.0,15.000000000000002,10.0,0.6767640938060556,0.674966472768127,-0.0017976210379285762,0.5419903613348683,0.5444202606389532,476033.67402903043,447297.2747165441,0.009834261893003357,0.009464449438285257,1.1564753096176976,0.0,1,3,1,3,2.8913208473436276,0.27751639144696294,0.5382159962600878,0.5444202606389532,0.0497767789284147
220.0,15.000000000000002,0.0,0.6803439135064862,0.6767718237249234,-0.0035720897815627595,0.537132159354679,0.5419798986120412,460135.96201331005,424268.4228578044,0.008820472455646673,0.008265642647546607,1.3347005693876215,0.0,1,3,1,3,3.095518429025738,0.2574656049848782,0.530487433880503,0.5419798986120412,0.09308078526549082
220.0,15.000000000000002,5.0,0.6824026151716358,0.6800070431791986,-0.0023955719924372287,0.5343266708069123,0.5375904212266835,468382.6202675243,436351.6022588473,0.010826310516463879,0.010545471130005707,1.1489091042446824,0.0,1,3,1,3,3.0097992421967548,0.2574656049848782,0.5293336979494342,0.5375904212266835,0.06721979343354217
220.0,15.000000000000002,10.0,0.6838100984818566,0.6822615195140669,-0.0015485789677897044,0.5324037492142336,0.5345192189903565,474901.3200287335,445949.1816210615,0.009783084813150532,0.009425234848820756,1.0108905492368558,0.0,1,3,1,3,2.9450232805360343,0.2574656049848782,0.5285062755780126,0.5345192189903565,0.04913176605105167
230.00000000000003,15.000000000000002,0.0,0.6869704882963975,0.6838790876534045,-0.0030914006429929586,0.5280715482098092,0.532309393470347,459086.2862633791,422968.350322864,0.008811027269538682,0.00826421213118068,1.1664290848449972,0.0,1,3,1,3,3.148882980374866,0.23891848722599596,0.5212263774760975,0.532309393470347,0.09137744328977218
230.00000000000003,15.000000000000002,5.0,0.6887625835184491,0.6866957808870424,-0.0020668026314066834,0.5256061035449915,0.528448904511935,467396.54659125936,435152.0108310443,0.010780445416483857,0.010509768672172055,1.0042099190168328,0.0,1,3,1,3,3.0607185682660822,0.23891848722599596,0.5204664624534494,0.528448904511935,0.06610252027555903
230.00000000000003,15.000000000000002,10.0,0.6899839354504469,0.6886542690690977,-0.001329666381349237,0.5239221688203135,0.5257552976929069,473956.1897393793,444815.4723279057,0.009740477629693682,0.009392675887677069,0.8834844344960472,0.0,1,3,1,3,2.994225521424932,0.23891848722599596,0.5199118664420336,0.5257552976929069,0.048539276204832296
240.00000000000003,15.000000000000002,0.0,0.6927731392923292,0.690103170710281,-0.0026699685820481545,0.520065377475051,0.5237576137756167,458204.83731682383,421868.1180326887,0.008803579648869051,0.008263460483764497,1.0191058584526198,0.0,1,3,1,3,3.1977919566993998,0.2217498521620516,0.5130366025844711,0.5237576137756167,0.08981998338603689
240.00000000000003,15.000000000000002,5.0,0.6943321710156336,0.6925532150208906,-0.0017789559947429812,0.5179028362927169,0.5203700443642281,466570.5530797419,434139.3503405561,0.010742227248139212,0.010480101491533209,0.8775619095089058,0.0,1,3,1,3,3.107404278314323,0.2217498521620516,0.5126286210146505,0.5203700443642281,0.0650943800315154
240.00000000000003,15.000000000000002,10.0,0.6953914953780379,0.6942532715623355,-0.0011382238157023883,0.5164306681558963,0.518012394924994,473166.08242552815,443860.4786709819,0.009704954585838347,0.009365608553454077,0.7720347052330789,0.0,1,3,1,3,3.0393480371854538,0.2217498521620516,0.5123167321970369,0.518012394924994,0.04801611495966481
250.00000000000003,15.000000000000002,0.0,0.6978513769156726,0.6955496348921456,-0.0023017420235269537,0.5130034557368999,0.5162107054014029,457463.6039374344,420935.71776342293,0.008797784286463424,0.008263256720993465,0.8902093527484252,0.0,1,3,1,3,3.2426459146811837,0.20585084124594158,0.5058061502583867,0.5162107054014029,0.08842901122806593
250.00000000000003,15.000000000000002,5.0,0.6992080345156292,0.6976801505013595,-0.0015278840142697314,0.5111081244687907,0.5132424075964004,465877.72033658996,433283.3035013383,0.010710339253097443,0.010455421510800726,0.7667683423432506,0.0,1,3,1,3,3.150237903281539,0.20585084124594158,0.5057101844000196,0.5132424075964004,0.06420833670992127
250.00000000000003,15.000000000000002,10.0,0.7001264556551623,0.6991549231353094,-0.0009715325198529356,0.5098229460917401,0.5111823934556596,472504.6799139803,443054.8757973775,0.00967535416914343,0.009343128048870001,0.6745815274424477,0.0,1,3,1,3,3.080759427582027,0.20585084124594158,0.5056136314769311,0.5111823934556596,0.047571129712624075
260.0,15.000000000000002,0.0,0.7022944070691632,0.7003134357126579,-0.0019809713565053233,0.5067825657993724,0.5095610917603329,456839.5607303198,420144.6339715128,0.008793290022995387,0.008263438884460773,0.7774931716387079,0.0,1,3,1,3,3.2838157850905727,0.19111874573814208,0.49943021714769337,0.5095610917603329,0.08721444404609263
260.0,15.000000000000002,5.0,0.703475518760993,0.702165926472217,-0.0013095922887760292,0.5051221945039518,0.5069630117014132,465295.9055977771,432558.76984935947,0.010683762585008893,0.010434922589305257,0.6698883949082367,0.0,1,3,1,3,3.189572555741346,0.19111874573814208,0.49961024906403356,0.5069630117014132,0.06344935164192393
260.0,15.000000000000002,10.0,0.7042706141157948,0.7034436702175266,-0.0008269438982682065,0.5040029020929613,0.5051670028308957,471950.38662602234,442374.4534567264,0.009650718148874202,0.009324488179574493,0.5893960595023815,0.0,1,3,1,3,3.1188003065636254,0.19111874573814208,0.49970560019312055,0.5051670028308957,0.047207583845009886
270.0,15.000000000000002,0.0,0.7061808809438678,0.7044786175353355,-0.0017022634085323007,0.5013085633893428,0.5037098774355026,456313.64721701294,419472.7624281027,0.008789870878176249,0.008263926963329796,0.6789724142406742,0.0,1,3,1,3,3.3216251453748336,0.17746505131386692,0.49381331535598966,0.5037098774355026,0.08617670961222962
270.0,15.000000000000002,5.0,0.7072088579147824,0.7060885230052005,-0.0011203349095818549,0.49985563128686916,0.5014389976803344,464806.8356953426,431944.89633452776,0.010661653082623561,0.0104179367802537,0.5852074659850952,0.0,1,3,1,3,3.2257153338418845,0.17746505131386692,0.49423843094184006,0.5014389976803344,0.06281594478579429
270.0,15.000000000000002,10.0,0.7078971454364973,0.7071951784862446,-0.0007019669502527082,0.4988816314828586,0.4998749795258086,471485.44997354585,441799.17887624697,0.00963018011746698,0.009309008130477078,0.51495166145005,0.0,1,3,1,3,3.1537661048286325,0.17746505131386692,0.49450301883413483,0.4998749795258086,0.04692452138163241
280.0,15.000000000000002,0.0,0.7095789462131669,0.7081182963875647,-0.0014606498256021228,0.4964977190910117,0.498568478321173,455870.0439098587,418901.6250672513,0.008787344419970452,0.008264659389076263,0.5928935443466185,0.0,1,3,1,3,3.356376655693361,0.16480469138716117,0.4888704712498167,0.498568478321173,0.08531011235623025
280.0,15.000000000000002,5.0,0.7104745506579095,0.7095178744663737,-0.0009566761915358324,0.49522591286744155,0.49658438581271913,464395.41929435794,431424.3361799484,0.010643224477668113,0.010403835647866382,0.5112095329351828,0.0,1,3,1,3,3.258953001717761,0.16480469138716117,0.48951134487694054,0.49658438581271913,0.062302984069853684
280.0,15.000000000000002,10.0,0.7110704054475202,0.7104761320596763,-0.0005942733878439022,0.49437887849669926,0.4952236657735214,471095.1699756226,441312.3662096017,0.00961308690819976,0.009296180510926266,0.4499089020687058,0.0,1,3,1,3,3.185933010406417,0.16480469138716117,0.48992498130907175,0.4952236657735214,0.04671805867640027
290.00000000000006,15.000000000000002,0.0,0.7125497549394498,0.7112981256556493,-0.001251629283800515,0.49227284673573,0.49405497643876006,455495.624942127,418415.7693683802,0.008785489846169078,0.008265528728159686,0.5177061359357615,0.0,1,3,1,3,3.3883324637173193,0.15306459211275522,0.4845234867814604,0.49405497643876006,0.08460444266608842
290.00000000000006,15.000000000000002,5.0,0.7133310296632788,0.7125155547741441,-0.000815474889134693,0.49115884211952654,0.4923215842048937,464049.0963777837,430982.5621055297,0.01062789873082005,0.010392162807654284,0.44656351487002727,0.0,1,3,1,3,3.289533868275157,0.15306459211275522,0.4853540778552519,0.4923215842048937,0.06190193552008498
290.00000000000006,15.000000000000002,10.0,0.7138459433293775,0.7133442113735798,-0.000501731955797613,0.4904239691921912,0.4911400360998055,470767.35120163305,440900.08677605516,0.009598897936230446,0.009285586086538157,0.39309129669855813,0.0,1,3,1,3,3.215539704355388,0.15306459211275522,0.48590026174426,0.4911400360998055,0.04658204805812603
300.00000000000006,15.000000000000002,0.0,0.7151470013151545,0.7140758684343671,-0.0010711328807874176,0.4885647665099424,0.49009565411970446,455179.4091929777,418002.1842191046,0.008784192636043247,0.008266503356417416,0.4520492586000231,0.0,1,3,1,3,3.4177405531336675,0.14217331049081278,0.48070225239240644,0.49009565411970446,0.0840469438519033
300.00000000000006,15.000000000000002,5.0,0.7158285043338877,0.7151346060960522,-0.0006938982378354996,0.4875895523831093,0.48858249516384433,463757.4006441321,430607.38870930724,0.01061519719390054,0.010382540953976593,0.3900995623099637,0.0,1,3,1,3,3.317692760884122,0.14217331049081278,0.4817010837116991,0.48858249516384433,0.06160279726331591
300.00000000000006,15.000000000000002,10.0,0.7162736285009801,0.7158512004486076,-0.00042242805237246994,0.48695208911404,0.4875570588162874,470491.8909234503,440550.72113864997,0.009587086619169984,0.009276809984334902,0.34346360641850815,0.0,1,3,1,3,3.242811662211462,0.14217331049081278,0.4823635492142111,0.4875570588162874,0.046509664808719875
200.00000000000003,20.0,0.0,0.6566194817809069,0.648202919183279,-0.008416562597627908,0.5688508561457732,0.5798329755622755,437375.8818235509,391662.1244894344,0.011788007146352255,0.010938034428162359,2.553624375124998,0.0,1,3,1,3,3.246638096226387,0.2992111525785369,0.5563061218596532,0.5798329755622755,0.17989071241650376
200.00000000000003,20.0,5.0,0.6606539487837375,0.6550770626560705,-0.005576886127667047,0.5635363599564547,0.5708740419818947,447971.3623456764,407289.17712753563,0.0139876719863395,0.013579127686723935,2.157833002405182,0.0,1,3,1,3,3.122069639032378,0.2992111525785369,0.5544080494653687,0.5708740419818947,0.1271076861716788
200.00000000000003,20.0,10.0,0.6634979521546576,0.6598693219239762,-0.0036286302306813845,0.5597704674865758,0.5645724779835919,456612.38682466943,420043.6020797971,0.012547550148104799,0.012004607657910938,1.869851162315403,0.0,1,3,1,3,3.027269473740948,0.2992111525785369,0.5528662379078546,0.5645724779835919,0.09099633634282142
210.0,20.0,0.0,0.6661993568922556,0.658833544146849,-0.007365812745406597,0.5561784168763451,0.565938361106902,435482.7823552536,389285.73172490683,0.011764660106855845,0.01093135280568832,2.2329054359772806,0.0,1,3,1,3,3.3221868410575204,0.27751639144696294,0.5430875957678704,0.565938361106902,0.17899249267202894
210.0,20.0,5.0,0.6697206710825594,0.6648515053346804,-0.00486916574787899,0.5514742227247262,0.5579724758542095,446203.4740762545,405122.99713171634,0.013909730127747938,0.013520590947263598,1.8862740124356097,0.0,1,3,1,3,3.1923142959160464,0.27751639144696294,0.5419689715705751,0.5579724758542095,0.12638352889095117
210.0,20.0,10.0,0.6721992891715246,0.6690385417510517,-0.003160747420472898,0.548148115637297,0.5523874296516262,454926.931765981,418015.74950188695,0.0124755004290946,0.011951659896928476,1.6336444012116251,0.0,1,3,1,3,3.0938545662191506,0.27751639144696294,0.5409676970206635,0.5523874296516262,0.09072454327095407
220.0,20.0,0.0,0.6746046466159353,0.6681771022349208,-0.0064275443810145605,0.544908570764189,0.5535393600489442,433889.59825798083,387270.81356270926,0.011745742882957882,0.010926268063559152,1.9513185947706497,0.0,1,3,1,3,3.3912463212189774,0.2574656049848782,0.5313211042859467,0.5535393600489442,0.1779144071609297
220.0,20.0,5.0,0.6776749393344774,0.673436595602235,-0.004238343732242411,0.5407566765980123,0.5464831517036718,444719.40170539095,403291.4270266592,0.013844868422709005,0.013471940298369204,1.6481517549203208,0.0,1,3,1,3,3.256530225531429,0.2574656049848782,0.5309082629031454,0.5464831517036718,0.12557292389932936
220.0,20.0,10.0,0.6798316498567946,0.6770880798825859,-0.0027435699742086594,0.5378289278529886,0.5415517320809129,453515.041728182,416305.2855652897,0.012415655170298228,0.01190776889088863,1.4268454917730615,0.0,1,3,1,3,3.1547298757609616,0.2574656049848782,0.5303968381668659,0.5415517320809129,0.09039022743025499
230.00000000000003,20.0,0.0,0.6819727349501802,0.676378187363636,-0.005594547586544207,0.5349131887845713,0.5425125476586822,432546.1632241304,385559.4199921378,0.01173049230275064,0.010922504359930352,1.7044084119021072,0.0,1,3,1,3,3.4544035770052246,0.23891848722599596,0.5208736448077376,0.5425125476586822,0.17677403809098197
230.00000000000003,20.0,5.0,0.6846468386981989,0.6809674804557954,-0.0036793582424035076,0.5312587062605625,0.5362832905616859,443471.05215436674,401739.87212108955,0.013790901148461491,0.013431533124318148,1.4395599123063645,0.0,1,3,1,3,3.315274215966932,0.23891848722599596,0.5210974323186481,0.5362832905616859,0.12475332280471636
230.00000000000003,20.0,10.0,0.686521604948534,0.6841475481713261,-0.0023740567772079224,0.528688085938889,0.531942132331163,452329.90556269273,414859.7054368234,0.012365873635627045,0.01187134060712335,1.2459152451602358,0.0,1,3,1,3,3.2104295069257436,0.23891848722599596,0.5210262883116257,0.531942132331163,0.09004753736330405
240.00000000000003,20.0,0.0,0.6884259756182862,0.6835673727628021,-0.004858602855484118,0.5260696760940108,0.5327356468941604,431411.3948611067,384103.6680092999,0.011718281651993396,0.010919832228198706,1.4881428496347655,0.0,1,3,1,3,3.512193678400858,0.2217498521620516,0.5116179900036045,0.5327356468941604,0.17565950510946188
240.00000000000003,20.0,5.0,0.6907538511131495,0.6875673490738454,-0.00318650203930404,0.5228591171723529,0.5272511404875648,442419.1817556763,400423.433812149,0.013745947774785171,0.01339794534338619,1.256986557725951,0.0,1,3,1,3,3.369049762621346,0.2217498521620516,0.5124120947237268,0.5272511404875648,0.12398155759667595
240.00000000000003,20.0,10.0,0.6923821442910416,0.6903335854990152,-0.002048558792026367,0.5206069662669393,0.5234395407320738,451333.359176731,413635.9252784302,0.012324471068282269,0.011841125001526955,1.0877133518943651,0.0,1,3,1,3,3.261434493932709,0.2217498521620516,0.5127350871589684,0.5234395407320738,0.08973488419733627
250.00000000000003,20.0,0.0,0.6940746746623638,0.6898635535138732,-0.0042111211484906486,0.5182603459923338,0.5240882775332114,430451.5051909503,382863.820190189,0.011708519948458972,0.010918002510173594,1.2988884532010208,0.0,1,3,1,3,3.5650939408976106,0.20585084124594158,0.5034323151836106,0.5240882775332114,0.17463356441878128
250.00000000000003,20.0,5.0,0.696100532157425,0.6933467475238579,-0.0027537846335670135,0.5154440491301497,0.5192702876980876,441531.5478050172,399304.94868794974,0.01370853382311955,0.013370063622032382,1.0973024107162888,0.0,1,3,1,3,3.4183034546251956,0.20585084124594158,0.5047355565171349,0.5192702876980876,0.12329573215136684
250.00000000000003,20.0,10.0,0.6975129078654374,0.6957497396056643,-0.0017631682597730736,0.5134757433611019,0.5159322998386503,450494.12840841396,412598.40609304234,0.012290063906191615,0.011816094435325341,0.9494567696388262,0.0,1,3,1,3,3.3081695551706884,0.20585084124594158,0.5054113354175166,0.5159322998386503,0.08947739549251926
260.0,20.0,0.0,0.6990168016074074,0.6953733037028027,-0.00364349790460472,0.5113755110705505,0.5164559684974497,429638.5255398726,381806.7083155501,0.011700788791910373,0.010916863087144008,1.1334022427368167,0.0,1,3,1,3,3.613549869628006,0.19111874573814208,0.49620311179119647,0.5164559684974497,0.17373817281558512
260.0,20.0,5.0,0.700778724369204,0.6984034855497483,-0.0023752388194556717,0.5089091794714713,0.5122325713719625,440781.5442422053,398353.5212755817,0.013677439989832224,0.013346965308200108,0.9577247380211028,0.0,1,3,1,3,3.4634501952909584,0.19111874573814208,0.49796087414726303,0.5122325713719625,0.12271969874781588
260.0,20.0,10.0,0.7020031956796533,0.7004892283597756,-0.0015139673198777404,0.5071915132555544,0.5093148409519261,449786.49506015575,411717.72194287984,0.01226143272895374,0.011795335398814371,0.8286798055067275,0.0,1,3,1,3,3.3510279191920853,0.19111874573814208,0.49895026104802986,0.5093148409519261,0.08929077107849184
270.0,20.0,0.0,0.7033381249192092,0.7001907197442194,-0.0031474051749897924,0.5053154820351309,0.509732955984072,428949.2201665005,380904.5491004022,0.011694745351138632,0.010916290113933271,0.9887967059930368,0.0,1,3,1,3,3.657953885748324,0.17746505131386692,0.48982734820147633,0.509732955984072,0.17299683986535358
270.0,20.0,5.0,0.7048707400599508,0.7028256016268454,-0.002045138433105387,0.5031572398073374,0.5060361736978629,440147.15995713073,397543.39482361835,0.013651563803878997,0.013327807936195207,0.8357811005537507,0.0,1,3,1,3,3.504853290542587,0.17746505131386692,0.4919885668917001,0.5060361736978629,0.1222655273068394
270.0,20.0,10.0,0.705931886563529,0.7046347561058584,-0.0012971304576706588,0.5016601715328568,0.5034898604876374,449189.17225280247,410969.3632522719,0.01223763987770482,0.011778151370623767,0.7232115754135663,0.0,1,3,1,3,3.390353150547961,0.17746505131386692,0.4932561720092356,0.5034898604876374,0.08918200761554607
280.0,20.0,0.0,0.7071155540583516,0.7044005539255577,-0.00271500013279391,0.4999875932087504,0.5038198596293675,428364.25344933197,380134.02584081184,0.011690027503640593,0.010916119889034676,0.8625037068602986,0.0,1,3,1,3,3.6986734673325996,0.16480469138716117,0.4842093612087119,0.5038198596293675,0.17242101177161356
280.0,20.0,5.0,0.708449192079433,0.7066911185007305,-0.0017580735787025015,0.4980997422419986,0.5005876630321864,439610.06815107004,396852.97647309076,0.013630071555791844,0.013311959652372439,0.7292902418098206,0.0,1,3,1,3,3.542852690442328,0.16480469138716117,0.4867281380884455,0.5005876630321864,0.12193688397748798
280.0,20.0,10.0,0.7093676200877933,0.7082585859506766,-0.0011090341371167156,0.49679757957098014,0.4983697754271481,448684.4872371928,410332.8506918418,0.012217910112976032,0.011763966636433528,0.6311406375411771,0.0,1,3,1,3,3.426466179924817,0.16480469138716117,0.48824346719190476,0.4983697754271481,0.08915254803351626
290.00000000000006,20.0,0.0,0.7104168716699328,0.7080778868989305,-0.0023389847710023615,0.49530786844670616,0.49862570608474543,427867.43218690477,379475.46822845563,0.011686410427057252,0.010916276124356625,0.7522561318903137,0.0,1,3,1,3,3.736030002942441,0.15306459211275522,0.4792626463690813,0.49862570608474543,0.17201082816830854
290.00000000000006,20.0,5.0,0.7115770372092822,0.7100680050139142,-0.0015090321953680208,0.4936581201164598,0.4958034282555599,439154.973076634,396264.11901649646,0.013612272149161811,0.013298896498464174,0.6363284055655132,0.0,1,3,1,3,3.5777444049208027,0.15306459211275522,0.4820993042124377,0.4958034282555599,0.12173020701329267
290.00000000000006,20.0,10.0,0.7123718426243215,0.7114255129407593,-0.0009463296835622304,0.49252635783602894,0.49387373953697755,448257.75670915266,409791.0515620659,0.012201516649692013,0.011752234065603934,0.5507826116798733,0.0,1,3,1,3,3.45964541997183,0.15306459211275522,0.48383356837910757,0.49387373953697755,0.08919937858064683
300.00000000000006,20.0,0.0,0.7133006328531488,0.7112879650119063,-0.0020126678412425436,0.49120220717129737,0.49406943082922117,427445.1705093733,378912.2511931397,0.011683713011747698,0.010916700135809561,0.6560536940894897,0.0,1,3,1,3,3.770326802064481,0.14217331049081278,0.47491074161131064,0.49406943082922117,0.17175991319458528
300.00000000000006,20.0,5.0,0.7143107342553778,0.7130172828190954,-0.0012934514362824556,0.489760174927543,0.4916063544012742,438769.111745367,395761.56587603595,0.013597494091671377,0.013288102084976834,0.555197948930217,0.0,1,3,1,3,3.609807367579423,0.14217331049081278,0.478028330750712,0.4916063544012742,0.12163851648376545
300.00000000000006,20.0,10.0,0.714998563690003,0.7141926261686347,-0.0008059375213683717,0.4887770539212327,0.4899288927263489,447896.69601696584,409329.5483168984,0.0121879309985693,0.011742562389753028,0.4806617601831953,0.0,1,3,1,3,3.4901536480285063,0.14217331049081278,0.4799559249147612,0.4899288927263489,0.08931694711340017
200.00000000000003,25.000000000000004,0.0,0.6477853264847494,0.633831422401132,-0.013953904083617408,0.5803741707910466,0.5982577279769579,412943.63285605586,357456.50329021935,0.01473153596357818,0.01358137078829927,3.5256353753777883,0.0,1,3,1,3,3.5573144215086727,0.2992111525785369,0.557893272581623,0.5982577279769579,0.30337192854763223
200.00000000000003,25.000000000000004,5.0,0.6535386699410307,0.6445238120047244,-0.009014857936306298,0.5728872068917086,0.5845890557588986,426055.00941283896,376859.7722831624,0.01701508733509031,0.016493267864848008,2.9197546517640305,0.0,1,3,1,3,3.3741600131863483,0.2992111525785369,0.5571201869098883,0.5845890557588986,0.20901785419553065
200.00000000000003,25.000000000000004,10.0,0.6576158778813768,0.6518084078505351,-0.005807470030841699,0.5675413571583061,0.5751457994553506,436911.8912392181,392904.6124918841,0.01515235217210533,0.014426829941287595,2.489399588901327,0.0,1,3,1,3,3.236371205091479,0.2992111525785369,0.5560035045138121,0.5751457994553506,0.14700423326554035
210.0,25.000000000000004,0.0,0.6584562243467021,0.6461635610359471,-0.01229266331075507,0.5664354006190855,0.5824726523893439,410607.2416323831,354443.22364218027,0.014697604767412819,0.013569654921039905,3.0838936635678342,0.0,1,3,1,3,3.6487647360230917,0.27751639144696294,0.5428378483900358,0.5824726523893439,0.3060541922043244
210.0,25.000000000000004,5.0,0.6634907906257843,0.6555720233230814,-0.007918767302702912,0.5597799707547717,0.5702253222360812,423896.5980018352,374163.14933344256,0.016923144900348387,0.01642612269190529,2.5521091341430595,0.0,1,3,1,3,3.456459936399035,0.27751639144696294,0.5432903014225214,0.5702253222360812,0.21014547029203354
210.0,25.000000000000004,10.0,0.6670516093748673,0.6619609276920532,-0.005090681682814124,0.5550421504303995,0.5618077302090764,434871.809193197,390414.6564858787,0.015067699370250168,0.01436643558163039,2.173992042016967,0.0,1,3,1,3,3.3125803907792375,0.27751639144696294,0.5430012132153846,0.5618077302090764,0.14786910669350245
220.0,25.000000000000004,0.0,0.6678325100637617,0.6570407876210926,-0.010791722442669016,0.5539997385019357,0.5682974034022543,408633.10308829305,351878.2498656472,0.014669866056214474,0.013560225416340967,2.6952786010928182,0.0,1,3,1,3,3.7323441341187458,0.2574656049848782,0.5293879685479191,0.5682974034022543,0.3080160489755812
220.0,25.000000000000004,5.0,0.6722305057888528,0.6652983091181885,-0.006932196670664248,0.5481061470868631,0.5573781598844793,422077.66396518255,371874.9784168982,0.016846686701315283,0.016370260763177227,2.22938745008666,0.0,1,3,1,3,3.5316458434524773,0.2574656049848782,0.5309601514240744,0.5573781598844793,0.21088018973892272
220.0,25.000000000000004,10.0,0.6753355092988462,0.6708895436008881,-0.004445965697958076,0.543921949880068,0.549907220286992,433156.56331039895,388307.6717683001,0.014997384252196341,0.014316299729943702,1.8977610384688075,0.0,1,3,1,3,3.3821910234976547,0.2574656049848782,0.5314239402860079,0.549907220286992,0.1484830682483852
230.00000000000003,25.000000000000004,0.0,0.6760600470148331,0.6666145622105807,-0.009445484804252446,0.5429428128303015,0.5556250254487958,406961.8069258032,349691.5129923956,0.014647273060935004,0.013552728037377235,2.3539990132156334,0.0,1,3,1,3,3.808722231122216,0.23891848722599596,0.5174102951788545,0.5556250254487958,0.30946732358639994
230.00000000000003,25.000000000000004,5.0,0.6798972008651605,0.6738467059225537,-0.006050494942606788,0.5377397962557195,0.5459306169173235,420541.6969848675,369929.9682654267,0.016783031604965304,0.01632375215833467,1.9464666891962779,0.0,1,3,1,3,3.6003512930135773,0.23891848722599596,0.5199974477085642,0.5459306169173235,0.2113623911862288
230.00000000000003,25.000000000000004,10.0,0.6826010850638563,0.6787306739515817,-0.0038704111122745966,0.5340557586696459,0.5393246722372317,431711.3726450223,386521.2908720679,0.014938956611966408,0.014274682396968063,1.6560589669169894,0.0,1,3,1,3,3.445807180670236,0.23891848722599596,0.5211420517297197,0.5393246722372317,0.14894169761689718
240.00000000000003,25.000000000000004,0.0,0.6832721367038639,0.6750266982003795,-0.00824543850348436,0.5331391872041363,0.5443389567166937,405544.56239607505,347824.83319306804,0.014628885934849813,0.01354680493096522,2.054727506856697,0.0,1,3,1,3,3.8785225949753457,0.2217498521620516,0.5067704705856468,0.5443389567166937,0.3105811589520847
240.00000000000003,25.000000000000004,5.0,0.6866166137270369,0.6813494398926441,-0.005267173834392791,0.528557625754017,0.5357629407579803,419242.4039494363,368274.1699149036,0.01673005723122451,0.016285067835689667,1.698718064883681,0.0,1,3,1,3,3.6631580079172164,0.2217498521620516,0.5102728011465464,0.5357629407579803,0.2117024980511229
240.00000000000003,25.000000000000004,10.0,0.6889677205116415,0.685607931778888,-0.0033597887327534437,0.5253234800929927,0.5299417638818756,430491.5008003296,385004.21789184795,0.014890416797414725,0.014240159462785732,1.4447350990329055,0.0,1,3,1,3,3.503978429170891,0.2217498521620516,0.5120310782516467,0.5299417638818756,0.14931825207166796
250.00000000000003,25.000000000000004,0.0,0.6895886858794795,0.6824074097294405,-0.007181276150039051,0.5244674443070125,0.5343201271463556,404341.03928807477,346229.6208918334,0.014613999039719116,0.013542206591802731,1.7926268548551056,0.0,1,3,1,3,3.9423128559395604,0.20585084124594158,0.49733867229278733,0.5343201271463556,0.3114930318259907
250.00000000000003,25.000000000000004,5.0,0.6925006588042604,0.6879259336859765,-0.004574725118283829,0.5204428375556653,0.5267579097622774,418141.65762565273,366862.7709527073,0.016686013593347027,0.016252940430475434,1.4819792974051031,0.0,1,3,1,3,3.72058871496915,0.20585084124594158,0.5016638027016885,0.5267579097622774,0.2119829980737063
250.00000000000003,25.000000000000004,10.0,0.6945431116037994,0.6916339433137737,-0.002909168290025743,0.5176098661237122,0.5216424884562396,429460.23324992985,383714.0483048386,0.014850044168032194,0.014211495222936014,1.2600897189377012,0.0,1,3,1,3,3.5571944565985367,0.20585084124594158,0.5039718766637481,0.5216424884562396,0.14966655992673014
260.0,25.000000000000004,0.0,0.695116080183347,0.6888742926331107,-0.0062417875502363,0.5168136350705387,0.5254522089492313,403317.75030317414,344865.1254932882,0.014602029188249306,0.013538721799759604,1.5633304644141974,0.0,1,3,1,3,4.0006294608168655,0.19111874573814208,0.48899290383069216,0.5254522089492313,0.31230665335519914
260.0,25.000000000000004,5.0,0.6976501585302388,0.693684925601813,-0.003965232928425766,0.5132842563027327,0.518801223992807,417207.93202273606,365658.4003752457,0.016649359627328438,0.016226242016239692,1.2925196225773508,0.0,1,3,1,3,3.7731324636351924,0.19111874573814208,0.4940541039112515,0.518801223992807,0.21226480874324055
260.0,25.000000000000004,10.0,0.6994230773577119,0.6969098020797606,-0.00251327527795131,0.5108073588594682,0.5143167277651489,428587.24530417833,382615.5180079371,0.014816493740448355,0.014187727831447708,1.0988470515361968,0.0,1,3,1,3,3.6059111983746934,0.19111874573814208,0.49685330770582004,0.5143167277651489,0.15002464254370387
270.0,25.000000000000004,0.0,0.6999501338025694,0.6945345929617399,-0.005415540840829514,0.5100698101897652,0.5176216991794702,402446.8061045354,343697.07170475746,0.014592410282872606,0.01353611051759971,1.362912196688613,0.0,1,3,1,3,4.053951546837526,0.17746505131386692,0.4816181490304053,0.5176216991794702,0.31309629798066735
270.0,25.000000000000004,5.0,0.7021546551358544,0.698723933646484,-0.003430721489370403,0.5069788402710493,0.5117848645495838,416415.00371037296,364629.7296658273,0.016618901266639414,0.01620410122542725,1.1270216816549887,0.0,1,3,1,3,3.8212223582481273,0.17746505131386692,0.4873361587010774,0.5117848645495838,0.21258802215718656
270.0,25.000000000000004,10.0,0.7036917688343457,0.701524975749563,-0.0021667930847827366,0.5048178944747898,0.507862708399575,427847.38890090084,381679.18279302184,0.014788655317707516,0.014168061763764499,0.9581101514773629,0.0,1,3,1,3,3.650529916997359,0.17746505131386692,0.4905741904100171,0.507862708399575,0.15041628591801676
280.0,25.000000000000004,0.0,0.7041758552571993,0.6994845848844995,-0.004691270372699785,0.5041363648727919,0.5107213155089594,401704.85026417696,342696.5017697742,0.014584749681112577,0.01353422862025539,1.187872666884021,0.0,1,3,1,3,4.102731215950053,0.16480469138716117,0.4751082934078901,0.5107213155089594,0.31391372531372863
280.0,25.000000000000004,5.0,0.7060925386616889,0.7031290984802262,-0.002963440181462662,0.5014333268462914,0.5056094708703844,415740.9879057258,363750.41228988837,0.016593647855020086,0.01618579253878701,0.9825415842866367,0.0,1,3,1,3,3.86526471972007,0.16480469138716117,0.48141254268444045,0.5056094708703844,0.21297799217005395
280.0,25.000000000000004,10.0,0.7074245556730104,0.7055599772915957,-0.0018645783814147388,0.4995504980308437,0.5021851184442829,427219.7601200061,380880.39518673875,0.01476552356100511,0.01415176821886642,0.8353179720608486,0.0,1,3,1,3,3.6914255844499513,0.16480469138716117,0.4850407546974405,0.5021851184442829,0.15085607889821914
290.00000000000006,25.000000000000004,0.0,0.7078674665371881,0.7038092853261692,-0.004058181211018974,0.4989236498182228,0.5046524898886671,401072.27119092643,341838.8926850579,0.014578725111989842,0.013532957343133438,1.0351007511714756,0.0,1,3,1,3,4.147368146281476,0.15306459211275522,0.46936800894790287,0.5046524898886671,0.31478934595377545
290.00000000000006,25.000000000000004,5.0,0.709534065496499,0.70697799926814,-0.002556066228359022,0.49656140990000985,0.5001821085508178,415167.59437315154,362998.255206877,0.016572676061266865,0.01617063122224464,0.8564692548182617,0.0,1,3,1,3,3.905615837944343,0.15306459211275522,0.4761934674966672,0.5001821085508178,0.21344719631160944
290.00000000000006,25.000000000000004,10.0,0.7106879285769584,0.7090861860251254,-0.0016017425518329853,0.4949226681749921,0.4971967807883413,426686.8804846622,380198.4189384923,0.0147463417812485,0.014138304256197401,0.7282192245512324,0.0,1,3,1,3,3.728925908320253,0.15306459211275522,0.48016814543183867,0.4971967807883413,0.15134962654334555
300.00000000000006,25.000000000000004,0.0,0.7110915579277127,0.7075853901883896,-0.003506167739323107,0.49434879624393835,0.4993229155919444,400532.59198525274,341103.4608646852,0.014573982424692968,0.013532132766286729,0.9018340897000078,0.0,1,3,1,3,4.1882395818634475,0.14217331049081278,0.46430932330851427,0.4993229155919444,0.31574093367281997
300.00000000000006,25.000000000000004,5.0,0.7125411613857349,0.7103393913592924,-0.0022017700264425066,0.4922850933310682,0.49541794908331005,414679.4478664842,362354.47735052364,0.016555306913608833,0.01615811829925998,0.7465053541732602,0.0,1,3,1,3,3.9426117396145908,0.14217331049081278,0.4715977634163055,0.49541794908331005,0.214000003461936
300.00000000000006,25.000000000000004,10.0,0.7135395402697711,0.7121658037264048,-0.0013737365433662552,0.4908613244716038,0.4928198680027238,426234.10384342424,379615.7691795036,0.014730484012907068,0.014127220613125453,0.6348351497205258,0.0,1,3,1,3,3.7633394929612396,0.14217331049081278,0.47588109721430594,0.4928198680027238,0.15189753819744178
200.00000000000003,30.000000000000004,0.0,0.6374133296535578,0.615243993694425,-0.02216933595913284,0.5937042471799648,0.6214748282229343,389640.2271546138,325165.42962212005,0.017683296813243977,0.016208944468802694,4.7007653571774215,0.0,1,3,1,3,3.9105792263774446,0.2992111525785369,0.5565190288560117,0.6214748282229343,0.47943524376812924
200.00000000000003,30.000000000000004,5.0,0.6453933114135931,0.6315178275068611,-0.013875483906731989,0.5834674735825969,0.6011852335410144,405238.8978868872,348207.145015161,0.02003354309216578,0.01938710586832086,3.8100989308146977,0.0,1,3,1,3,3.6518066685880166,0.2992111525785369,0.558343925704968,0.6011852335410144,0.32106509043872544
200.00000000000003,30.000000000000004,10.0,0.6510096394988564,0.6422165201615365,-0.008793119337319855,0.5761864492795691,0.5875579412316068,418279.8241291186,367447.45021072007,0.01771687002261559,0.016787492803027743,3.194792359570794,0.0,1,3,1,3,3.4605905510764696,0.2992111525785369,0.5583977226531246,0.5875579412316068,0.22107062008952325
210.0,30.000000000000004,0.0,0.649329819043819,0.6296527051247588,-0.01967711391906024,0.5783707861005212,0.6035374709290735,386807.69935326214,321411.69534282293,0.017636544708227578,0.016190473006671695,4.115690604634201,0.0,1,3,1,3,4.023748837043718,0.27751639144696294,0.5390339651003546,0.6035374709290735,0.49088107259284053
210.0,30.000000000000004,5.0,0.6563353374676844,0.6440702963280674,-0.012265041139616906,0.5692239247911809,0.5851734533878754,402650.3667422576,344912.9681110281,0.01992533850443485,0.01930955872428722,3.3314986835503273,0.0,1,3,1,3,3.7495833874579754,0.27751639144696294,0.5428033388016087,0.5851734533878754,0.32642105612991057
210.0,30.000000000000004,10.0,0.6612542550810467,0.6535008322665616,-0.0077534228144851,0.56274281013721,0.5729366622269112,415853.28942365304,364447.7868927806,0.017617251673640356,0.016717665960577537,2.7896598783807076,0.0,1,3,1,3,3.548601423469234,0.27751639144696294,0.5440996232667167,0.5729366622269112,0.22428188448662234
220.0,30.000000000000004,0.0,0.659822822808255,0.642431412724723,-0.017391410083531955,0.5646338425013462,0.5872818799445165,384407.13453909557,318205.41337741236,0.017598026313223863,0.016175062392802753,3.5994182748273973,0.0,1,3,1,3,4.127304774203582,0.2574656049848782,0.5233394627288723,0.5872818799445165,0.5006311707045357
220.0,30.000000000000004,5.0,0.6659600504154368,0.6551613840295801,-0.010798666385856692,0.5564972112506689,0.570763560876445,400462.9099545483,342110.0460788616,0.01983525583983454,0.019244789525978637,2.9106268201793473,0.0,1,3,1,3,3.8389130540389793,0.2574656049848782,0.5288994287157476,0.570763560876445,0.3308314084598375
220.0,30.000000000000004,10.0,0.6702596301587957,0.6634505711838569,-0.006809058974938886,0.5507520281793943,0.559833339595814,413807.9034798132,361903.6823982466,0.01753452938871703,0.01665959744904599,2.4345714037394792,0.0,1,3,1,3,3.6289509769751414,0.2574656049848782,0.5313339608012937,0.559833339595814,0.22691183104273394
230.00000000000003,30.000000000000004,0.0,0.6690467144918588,0.6537319652317864,-0.015314749260072369,0.5523764938276492,0.5726345176341864,382368.88095174805,315463.2047200362,0.017566300354162203,0.016162241440843484,3.1448992948479324,0.0,1,3,1,3,4.22197524034824,0.23891848722599596,0.5093056151271284,0.5726345176341864,0.5089905883143013
230.00000000000003,30.000000000000004,5.0,0.6744137465862334,0.6649387594303723,-0.009474987155861148,0.5451660984155198,0.5578564462071975,398610.63299452706,339721.2096705698,0.019760249606747292,0.019190716222399047,2.541150610940872,0.0,1,3,1,3,3.920502463948108,0.23891848722599596,0.5165008534274815,0.5578564462071975,0.33451412401336506
230.00000000000003,30.000000000000004,10.0,0.678164871659226,0.6722061053727131,-0.005958766286512929,0.5400924068474255,0.5481389518996489,412080.075149236,359741.8549067924,0.017465803482616886,0.01661130397051085,2.1237020464180185,0.0,1,3,1,3,3.7023154837348144,0.23891848722599596,0.5199715146374643,0.5481389518996489,0.2291111251269123
240.00000000000003,30.000000000000004,0.0,0.677143454524062,0.6637006206435941,-0.013442833880467853,0.5414767419952196,0.559501486157308,380635.51234178926,313115.40715273644,0.01754024665573233,0.01615165397568502,2.745539814907545,0.0,1,3,1,3,4.30846404812902,0.2217498521620516,0.49679577441693956,0.559501486157308,0.5162335122943541
240.00000000000003,30.000000000000004,5.0,0.6818292484806644,0.6735405518479053,-0.008288696632759107,0.5351088759162924,0.5463431250164192,397039.4550538454,337682.4844580905,0.019697821277053308,0.01914561646044029,2.217270130031342,0.0,1,3,1,3,3.9950146564391145,0.2217498521620516,0.5054755457540083,0.5463431250164192,0.33765332606907955
240.00000000000003,30.000000000000004,10.0,0.6850971797692301,0.67989845405488,-0.005198725714350094,0.5306418542722472,0.5377380921737842,410617.82882109494,357901.9343372286,0.01740863339199964,0.01657110197774822,1.8518085485639675,0.0,1,3,1,3,3.7693187580308596,0.2217498521620516,0.5098829178794382,0.5377380921737842,0.2310033956684865
250.00000000000003,30.000000000000004,0.0,0.6842414967221779,0.6724748285626242,-0.01176666815955374,0.5318135741633938,0.5477776049496692,379159.425943843,311103.5293615707,0.01751893569996117,0.01614298877317983,2.3952442182508724,0.0,1,3,1,3,4.3874316962910065,0.20585084124594158,0.48567394132245384,0.5477776049496692,0.5225947064582858
250.00000000000003,30.000000000000004,5.0,0.6883276360946841,0.6810956427612395,-0.007231993333444597,0.5262050653883041,0.5361087254116541,395704.75976730936,335940.56434418814,0.019645819558226786,0.0191079886488561,1.9337093071534672,0.0,1,3,1,3,4.0630564761167065,0.20585084124594158,0.49569321647975384,0.5361087254116541,0.34039899959558284
250.00000000000003,30.000000000000004,10.0,0.6911710883503074,0.6866476234084531,-0.004523464941854294,0.5222825266286516,0.5285150412675232,409378.39187684096,356333.86307783204,0.01736109109469616,0.01653766142499317,1.6142076689007827,0.0,1,3,1,3,3.8305241992979413,0.20585084124594158,0.5009436149802012,0.5285150412675232,0.23268506152008234
260.0,30.000000000000004,0.0,0.6904578468640862,0.6801835570320094,-0.010274289832076788,0.5232679617038101,0.5373503287432833,377900.998674819,309378.27550159546,0.017501511943462444,0.016135916796220996,2.088426102543001,0.0,1,3,1,3,4.459516683321999,0.19111874573814208,0.4758062332985947,0.5373503287432833,0.5282739169578615
260.0,30.000000000000004,5.0,0.6940176536932269,0.6877220955033837,-0.006295558189843176,0.5183394963621482,0.5270383193564347,394569.5152245809,334450.7924477171,0.01960254746250026,0.019076645168500227,1.6857169895508466,0.0,1,3,1,3,4.125203504406204,0.19111874573814208,0.48702931491651197,0.5270383193564347,0.34287089853088626
260.0,30.000000000000004,10.0,0.6964883914374889,0.6925618063802331,-0.003926585057255738,0.5149039205928193,0.5203581443433485,408326.387995189,354995.9289394214,0.01732159006737037,0.01650988257394214,1.406728122965609,0.0,1,3,1,3,3.8864602903437544,0.19111874573814208,0.4930367862123776,0.5203581443433485,0.23423032428566748
270.0,30.000000000000004,0.0,0.6958975007184192,0.6869455244651322,-0.00895197625328692,0.5157266684938577,0.5281058464173244,376827.07314507785,307897.9228684576,0.01748733924129759,0.016130208386174287,1.8200255399656284,0.0,1,3,1,3,4.525302614906885,0.17746505131386692,0.4670656917977333,0.5281058464173244,0.5334300793115777
270.0,30.000000000000004,5.0,0.6989956583942939,0.6935263267337848,-0.005469331660509114,0.5114050695459276,0.5190212341271436,393602.85724188876,333175.6139355278,0.019566597208178917,0.01905059295629675,1.469033409982417,0.0,1,3,1,3,4.181972561024981,0.17746505131386692,0.4793682923990675,0.5190212341271436,0.3451582157583785
270.0,30.000000000000004,10.0,0.7011406729181718,0.6977393700284992,-0.003401302889672664,0.5084017567798531,0.5131597715122331,407432.4515046196,353853.24610769015,0.017288734538596678,0.01648678720885414,1.2256612940037164,0.0,1,3,1,3,3.9375964211360928,0.17746505131386692,0.4860526646992533,0.5131597715122331,0.23569274673706564
280.0,30.000000000000004,0.0,0.7006533302219851,0.6928681327303505,-0.007785197491634532,0.509084910848842,0.5199337506467574,375909.81060819555,306627.06178513716,0.01747588926763549,0.016125665310962337,1.5854848780946207,0.0,1,3,1,3,4.585347513759096,0.16480469138716117,0.45933445882458224,0.5199337506467574,0.5381898287278052
280.0,30.000000000000004,5.0,0.7033483296729092,0.6986052283463726,-0.004743101326536547,0.5053011271463287,0.5119507349271126,392778.99270118715,332083.36476806557,0.01953669955656436,0.01902892468126683,1.279850674617478,0.0,1,3,1,3,4.2338514498903335,0.16480469138716117,0.47260176394298076,0.5119507349271126,0.3473283251909773
280.0,30.000000000000004,10.0,0.7052092165595235,0.7022684565138277,-0.002940760045695767,0.5026799608795031,0.506819014985686,406672.0707867941,352876.4966031192,0.017261445429200436,0.016467621889100763,1.067729837009412,0.0,1,3,1,3,3.9843731417143853,0.16480469138716117,0.47989016587798144,0.506819014985686,0.23711050237319437
290.00000000000006,30.000000000000004,0.0,0.7048089380408192,0.698049584741887,-0.00675935329893218,0.5032443608577726,0.512726777241679,375125.79552132986,305535.59457502153,0.017466634079282638,0.016122054835864204,1.380714659246276,0.0,1,3,1,3,4.640152440026198,0.15306459211275522,0.4525027951659415,0.512726777241679,0.5426473289418385
290.00000000000006,30.000000000000004,5.0,0.7071525225595964,0.7030456862614517,-0.004106836298144678,0.4999353098375996,0.5057267630291644,392076.25564610556,331147.238682461,0.01951188679980374,0.01901094952160357,1.1147894125944413,0.0,1,3,1,3,4.2812730081123,0.15306459211275522,0.4666307007188944,0.5057267630291644,0.3494262843634643
290.00000000000006,30.000000000000004,10.0,0.7087651379593801,0.7062268602058844,-0.002538277753495688,0.49765197921342086,0.5012436219237382,406024.7242102896,352040.9698491806,0.017238829144479304,0.01645176050831003,0.9300411019701192,0.0,1,3,1,3,4.027178243741114,0.15306459211275522,0.4744584109871994,0.5012436219237382,0.23850709463091105
300.00000000000006,30.000000000000004,0.0,0.7084384313763115,0.7025782261288727,-0.005860205247438799,0.49811498894907125,0.5063838361696067,374455.23981441703,304597.855769131,0.01745921568734811,0.016119236960179258,1.202074938679845,0.0,1,3,1,3,4.690193936844074,0.14217331049081278,0.44647015196442813,0.5063838361696067,0.5468740435657107
300.00000000000006,30.000000000000004,5.0,0.7104752978392475,0.7069243487587484,-0.003550949080499022,0.4952248511602326,0.5002579651320194,391476.40418273053,330344.4940319606,0.01949135484123562,0.018996090152704526,0.9708566052289811,0.0,1,3,1,3,4.3246460652856085,0.14217331049081278,0.46136615624607824,0.5002579651320194,0.3514827876518317
300.00000000000006,30.000000000000004,10.0,0.711872123032162,0.7096845859922264,-0.002187537039935572,0.4932380804496824,0.49634778840504223,405473.20924104523,351325.8084160566,0.017220052654133722,0.016438611330921227,0.8100430228987026,0.0,1,3,1,3,4.0663765145663335,0.14217331049081278,0.46967379041442203,0.49634778840504223,0.23989765544108216
200.00000000000003,35.0,0.0,0.625226570672054,0.590992136202374,-0.03423443446968,0.6090917353256631,0.6507282949469546,367522.6468152495,294987.84048060747,0.020647971498299545,0.018828342636902473,6.1252510250629015,0.0,1,3,1,3,4.31063589653267,0.2992111525785369,0.5511251610842453,0.6507282949469546,0.7214945235214796
200.00000000000003,35.0,5.0,0.6360748402479699,0.6154247416740211,-0.02065009857394884,0.5954087976035196,0.6212523873354645,385538.7130030623,321377.98264210974,0.02304641177134771,0.022265455789710422,4.853578779750581,0.0,1,3,1,3,3.9566654932687517,0.2992111525785369,0.5576076007271541,0.6212523873354645,0.4693938566098793
200.00000000000003,35.0,10.0,0.6436020417207873,0.6307925508607235,-0.012809490860063777,0.5857764118928339,0.6021007577786215,400707.16637482494,343645.4365304861,0.020247106411312873,0.019095627060651356,4.000838181753167,0.0,1,3,1,3,3.700282439524124,0.2992111525785369,0.5598562355624206,0.6021007577786215,0.31592654138999643
210.0,35.0,0.0,0.6385552196261391,0.6078921889190553,-0.03066303070708387,0.5922472314882132,0.6304670866511997,364134.3882854375,290369.11835194303,0.020586005712137753,0.01880157374493939,5.371786952920487,0.0,1,3,1,3,4.453916940920723,0.27751639144696294,0.5302943155322719,0.6304670866511997,0.7514544754321624
210.0,35.0,5.0,0.6481188780858654,0.6297381099121524,-0.018380768173713036,0.5799419198687191,0.6034299129242698,382475.86599960644,317407.3071008883,0.022919399216466775,0.022175623001921142,4.24739479455155,0.0,1,3,1,3,4.074512169112928,0.27751639144696294,0.5399088033379895,0.6034299129242698,0.48306426199296115
210.0,35.0,10.0,0.6547330803880357,0.64337039509093,-0.011362685297105712,0.5713245934455939,0.5860745347205407,397858.6464176009,340080.5432143163,0.02012998949350489,0.01901427404124762,3.4942226286962876,0.0,1,3,1,3,3.8028636484884633,0.27751639144696294,0.544016808111668,0.5860745347205407,0.32340533441509334
220.0,35.0,0.0,0.6503282285727814,0.6230059356202025,-0.02732229295257893,0.5770731951213882,0.6118636041819961,361255.78656130465,286409.78601506725,0.02053452182523465,0.018778581967495878,4.7040623068611405,0.0,1,3,1,3,4.585495279623328,0.2574656049848782,0.511472758290746,0.6118636041819961,0.7783211301731342
220.0,35.0,5.0,0.6587365044243442,0.6424517238702986,-0.016284780554045586,0.5660662177387961,0.5872557824960816,379882.107051238,314020.3479738308,0.022813583768641395,0.02210026984391098,3.712957235346338,0.0,1,3,1,3,4.18231089253957,0.2574656049848782,0.5240038457329619,0.5872557824960816,0.49492827472373635
220.0,35.0,10.0,0.6645337133696334,0.654500226583752,-0.010033486785881451,0.5583949437951659,0.5716294534018174,395453.1642151043,337051.5924617127,0.020032709239164757,0.01894641897480816,3.04960649817815,0.0,1,3,1,3,3.8965272711453096,0.2574656049848782,0.5298291523320011,0.5716294534018174,0.32978747437245576
230.00000000000003,35.0,0.0,0.6607037968713593,0.6364685297020433,-0.02423526716931601,0.5634704927997696,0.5949078106989193,358805.86974183307,283012.31077612453,0.020491811829502705,0.01875892415860508,4.114091611087643,0.0,1,3,1,3,4.706077399659393,0.23891848722599596,0.49454992379279217,0.5949078106989193,0.8023953165063419
230.00000000000003,35.0,5.0,0.6680783621122985,0.6537088457747179,-0.014369516337580657,0.5536713020773485,0.5726647449558862,377681.20200001803,311127.00631308486,0.022725404765913896,0.022037081185159468,3.2427950622670183,0.0,1,3,1,3,4.28081719858366,0.23891848722599596,0.5097688646393638,0.5726647449558862,0.5052714103881594
230.00000000000003,35.0,10.0,0.6731489075762843,0.6643239081727399,-0.00882499940354442,0.5468705482288551,0.558673745030097,393417.3990109506,334473.28403536323,0.019951774598774796,0.01888975027761337,2.6599520103367933,0.0,1,3,1,3,3.9820156142219227,0.23891848722599596,0.5171655504052669,0.558673745030097,0.33528674284094
240.00000000000003,35.0,0.0,0.6698297415868282,0.6484180776901479,-0.021411663896680255,0.551328117285723,0.5795539965246133,356717.6979460984,280094.7004065218,0.02045646047095854,0.018742207231007165,3.5941715555333578,0.0,1,3,1,3,4.81639414339106,0.2217498521620516,0.479396249595999,0.5795539965246133,0.8239927286470415
240.00000000000003,35.0,5.0,0.6762849038788905,0.6636499760836132,-0.012634927795277306,0.5426387287855199,0.5595687092442196,375810.49964466185,308652.3472099962,0.022651857952032867,0.021984077162102066,2.829944376965621,0.0,1,3,1,3,4.370763698469466,0.2217498521620516,0.4970701686527709,0.5595687092442196,0.5143572098830663
240.00000000000003,35.0,10.0,0.6807118488511696,0.672976231767876,-0.007735617083293622,0.5366313788336223,0.54710299147551,391691.3322511955,332275.1978893275,0.019884417360954223,0.018842429177818386,2.318890070758316,0.0,1,3,1,3,4.060027601224027,0.2217498521620516,0.5058948570353544,0.54710299147551,0.34008825078699845
250.00000000000003,35.0,0.0,0.6778437317008195,0.6589925050430303,-0.018851226657789155,0.5405278753939075,0.5657288782971117,354935.64154055173,277587.69139598846,0.020427210624584885,0.018728027818854107,3.137000517465343,0.0,1,3,1,3,4.917168620426375,0.20585084124594158,0.4658714616347557,0.5657288782971117,0.8434224113856379
250.00000000000003,35.0,5.0,0.6834846524238917,0.6724089895871622,-0.01107566283672945,0.532848729900992,0.5478661507223715,374218.171352109,306533.66852985276,0.022590547775390688,0.021939667631471853,2.4680056142029922,0.0,1,3,1,3,4.4528403424500995,0.20585084124594158,0.48577240491787677,0.5478661507223715,0.5224162850655554
250.00000000000003,35.0,10.0,0.6873429740979828,0.680582418970695,-0.006760555127287793,0.5275596359581397,0.5368075709879974,390225.532127939,330398.8443153696,0.019828372122826916,0.018802939660044402,2.0206850723320544,0.0,1,3,1,3,4.131205387165635,0.20585084124594158,0.4958885470697384,0.5368075709879974,0.34434554336056383
260.0,35.0,0.0,0.6848716995350378,0.6683252883432137,-0.016546411191824095,0.5309507551759889,0.5533413089609602,353413.21250226145,275432.50543688616,0.020403086178998914,0.0187160766916708,2.735781427297968,0.0,1,3,1,3,5.009131289236667,0.19111874573814208,0.45383217897942607,0.5533413089609602,0.8609780680319233
260.0,35.0,5.0,0.6897934434671826,0.6801106340052339,-0.009682809461948771,0.5241850053496867,0.5374495255129988,372861.12512951746,304718.2592609516,0.022539490456411498,0.021902519039799385,2.1511449556435402,0.0,1,3,1,3,4.527715485127,0.19111874573814208,0.4757435764677114,0.5374495255129988,0.5296475068959448
260.0,35.0,10.0,0.6931517313138073,0.6872586879667263,-0.005893043347080962,0.5195406773766715,0.527675495814254,388979.087258057,328795.40794098895,0.019781692990014164,0.018769964230307856,1.7601909711600339,0.0,1,3,1,3,4.196158303112233,0.19111874573814208,0.48702175676283904,0.527675495814254,0.3481856396460802
270.0,35.0,0.0,0.6910270784757064,0.6765424344794173,-0.014484643996289126,0.5224815768133299,0.5422903343486634,352111.406649484,273579.10194461496,0.020383270313445147,0.01870607509699005,2.384254395929664,0.0,1,3,1,3,5.092974081635461,0.17746505131386692,0.44313894887061683,0.5422903343486634,0.8769194053305074
270.0,35.0,5.0,0.6953164605683452,0.6868711685234274,-0.00844529204491773,0.5165350196627089,0.5282079978512613,371703.39687263913,303161.65353994054,0.022496942912910482,0.021871440212410963,1.874076183097133,0.0,1,3,1,3,4.596001041726284,0.17746505131386692,0.466856707965675,0.5282079978512613,0.536213694946893
270.0,35.0,10.0,0.6982362069679984,0.6931110807874358,-0.0051251261805626,0.5124661992789425,0.5195970296896727,387917.94430763484,327423.9386994513,0.019742847494841433,0.018742463022335763,1.5328230894907209,0.0,1,3,1,3,4.255434959995381,0.17746505131386692,0.47917702042255766,0.5195970296896727,0.3517067702974392
280.0,35.0,0.0,0.6964129862979465,0.6837627840675091,-0.012650202230437335,0.5150089525155762,0.5324684551242489,350997.408395204,271984.79015772644,0.020366993164467998,0.0186977167083932,2.0767001683208814,0.0,1,3,1,3,5.169375958826183,0.16480469138716117,0.43365661358230756,0.5324684551242489,0.8914791000250016
280.0,35.0,5.0,0.700147873531145,0.6927970447258468,-0.0073508288052982484,0.5097929551898157,0.520032254819133,370714.821300789,301826.19080739,0.02246154043162625,0.02184549293469265,1.6320527479602185,0.0,1,3,1,3,4.658282409643393,0.16480469138716117,0.4589923496618629,0.520032254819133,0.5422483451826428
280.0,35.0,10.0,0.7026831515590264,0.6982348528201436,-0.00444829873888275,0.5062363885150744,0.5124680903072323,387013.64940214437,326249.9602916871,0.019710567121124623,0.01871956896336563,1.3345077786302924,0.0,1,3,1,3,4.309553429985689,0.16480469138716117,0.47224599074169016,0.5124680903072323,0.35498548938230867
290.00000000000006,35.0,0.0,0.7011217945090292,0.6900962394456879,-0.011025555063341352,0.5084282292644386,0.5237671803029198,350043.49076142296,270613.04887007695,0.020353689046914314,0.018690785540325987,1.807949510102344,0.0,1,2,1,3,5.238962942111499,0.15306459211275522,0.42525872312491386,0.5237671803029198,0.9048505083309065
290.00000000000006,35.0,5.0,0.7043708050056481,0.6979841231797431,-0.006386681825904961,0.5038617690556952,0.5128181637890052,369870.020458192,300679.8931871887,0.0224321463138152,0.021823886690855398,1.4208302126178638,0.0,1,3,1,3,4.715086598090316,0.15306459211275522,0.4520412963899552,0.5128181637890052,0.5478528755135252
290.00000000000006,35.0,10.0,0.7065704822421726,0.7027165000199311,-0.0038539822222414255,0.5007581536240637,0.5061895205997382,386242.36936107866,325244.37710419745,0.01968371036081283,0.018700491705147516,1.1616316587356477,0.0,1,3,1,3,4.358973850078113,0.15306459211275522,0.4661282610704886,0.5061895205997382,0.35807715184919786
300.00000000000006,35.0,0.0,0.7052349843361018,0.6956425695306852,-0.009592414805416616,0.5026436168684583,0.5160814154567459,349226.1736310418,269432.5906157693,0.02034288647243904,0.018685091398423538,1.573355576247328,0.0,1,2,1,3,5.302339308838126,0.14217331049081278,0.4178287530179864,0.5160814154567459,0.9171989724232755
300.00000000000006,35.0,5.0,0.7080599604722887,0.7025197343999678,-0.005540226072320853,0.49865109237598093,0.5064660227785986,369147.6105754343,299695.5709630838,0.022407710303625587,0.02180587996533068,1.2366238101887754,0.0,1,3,1,3,4.766914011151869,0.14217331049081278,0.4459020962718896,0.5064660227785986,0.5531080115844627
300.00000000000006,35.0,10.0,0.7099672138240131,0.706633425010992,-0.0033337888130210436,0.4959465552949681,0.5006692026572347,385584.04541454266,324382.5398389835,0.019661407820113063,0.01868463013638953,1.0110073432123632,0.0,1,3,1,3,4.404130435051225,0.14217331049081278,0.460732223547857,0.5006692026572347,0.36102289932474607
